wilayah,kecamatan
-,"4M X 2,5M"
Jakarta Barat,Cengkareng
Jakarta Barat,Grogol Petamburan
Jakarta Barat,Kalideres
Jakarta Barat,Kebon Jeruk
Jakarta Barat,Kembangan
Jakarta Barat,Palmerah
Jakarta Barat,Tamansari
Jakarta Barat,Tambora
Jakarta Pusat,Cempaka Putih
Jakarta Pusat,Gambir
Jakarta Pusat,Johar Baru
Jakarta Pusat,Kemayoran
Jakarta Pusat,Menteng
Jakarta Pusat,Sawah Besar
Jakarta Pusat,Senen
Jakarta Pusat,Tanah Abang
Jakarta Selatan,Cilandak
Jakarta Selatan,Jagakarsa
Jakarta Selatan,Kebayoran Baru
Jakarta Selatan,Kebayoran Lama
Jakarta Selatan,Mampang Prapatan
Jakarta Selatan,Pancoran
Jakarta Selatan,Pasar Minggu
Jakarta Selatan,Pesanggrahan
Jakarta Selatan,Setiabudi
Jakarta Selatan,Tebet
Jakarta Timur,Cakung
Jakarta Timur,Cipayung
Jakarta Timur,Ciracas
Jakarta Timur,Duren Sawit
Jakarta Timur,Jatinegara
Jakarta Timur,Kr Jati
Jakarta Timur,Kramat Jati
Jakarta Timur,Makasar
Jakarta Timur,Matraman
Jakarta Timur,Pasar Rebo
Jakarta Timur,Pulogadung
Jakarta Utara,Cilincing
Jakarta Utara,Kelapa Gading
Jakarta Utara,Koja
Jakarta Utara,Pademangan
Jakarta Utara,Penjaringan
Jakarta Utara,Tanjung Priok
,Kebon Jeruk
,
